{"initial_reset_timestamp": 1690181373.924105, "timestamps": [1690181446.0317316], "episode_lengths": [903], "episode_rewards": [60.366666666665694], "episode_types": ["t", "t"]}