{"initial_reset_timestamp": 1689981634.7251127, "timestamps": [1689981659.2430897, 1689981679.835943, 1689981695.3222363, 1689981712.52734, 1689981731.8688166, 1689981764.3086257], "episode_lengths": [632, 514, 706, 747, 820, 1326], "episode_rewards": [94.13333333333378, 97.26666666666726, 89.73333333333466, 73.29999999999988, 98.33333333333353, 55.06666666666511], "episode_types": ["t", "t", "t", "t", "t", "t", "t"]}