{"initial_reset_timestamp": 1690084603.6072788, "timestamps": [1690084658.1507506, 1690084696.729267, 1690084751.709833], "episode_lengths": [1385, 864, 2244], "episode_rewards": [-165.16666666666757, -48.73333333333289, -233.0666666666622], "episode_types": ["t", "t", "t", "t"]}