{"initial_reset_timestamp": 1690151468.5008945, "timestamps": [1690151530.4047363], "episode_lengths": [764], "episode_rewards": [95.60000000000066], "episode_types": ["t", "t"]}