{"initial_reset_timestamp": 1690199669.5881157, "timestamps": [1690199694.1764777], "episode_lengths": [575], "episode_rewards": [73.16666666666646], "episode_types": ["t", "t"]}