{"initial_reset_timestamp": 1690052753.9056299, "timestamps": [1690052792.2235684, 1690052820.2577586, 1690052837.655353, 1690052859.6261878, 1690052889.938198, 1690052906.6070461], "episode_lengths": [900, 616, 657, 913, 1034, 649], "episode_rewards": [86.66666666666697, 115.40000000000092, 104.96666666666765, 82.03333333333391, 105.93333333333622, 100.76666666666743], "episode_types": ["t", "t", "t", "t", "t", "t", "t"]}