{"initial_reset_timestamp": 1690062183.9342668, "timestamps": [1690062206.5110655, 1690062230.6699538, 1690062261.5766966, 1690062279.1526713, 1690062296.8671696, 1690062309.2661738], "episode_lengths": [579, 619, 1204, 812, 762, 562], "episode_rewards": [102.43333333333405, 102.10000000000065, 72.60000000000339, 85.13333333333556, 87.46666666666853, 103.4666666666675], "episode_types": ["t", "t", "t", "t", "t", "t", "t"]}