{"initial_reset_timestamp": 1690195175.8381457, "timestamps": [1690195195.9986575], "episode_lengths": [541], "episode_rewards": [87.2333333333336], "episode_types": ["t", "t"]}