{"initial_reset_timestamp": 1690048536.471253, "timestamps": [1690048563.5489843, 1690048590.3498375, 1690048606.2809243, 1690048624.7469053, 1690048637.9282243, 1690048657.634702, 1690048676.1802487], "episode_lengths": [646, 662, 674, 752, 581, 782, 679], "episode_rewards": [100.73333333333392, 101.13333333333398, 92.93333333333376, 91.46666666666671, 99.23333333333389, 93.46666666666682, 129.76666666666804], "episode_types": ["t", "t", "t", "t", "t", "t", "t", "t"]}