{"initial_reset_timestamp": 1690051585.2273803, "timestamps": [1690051612.2194073, 1690051637.2959743, 1690051651.843401, 1690051668.6679916, 1690051685.2942991, 1690051708.8019288, 1690051727.7790847], "episode_lengths": [653, 643, 598, 638, 682, 977, 722], "episode_rewards": [112.70000000000081, 91.36666666666771, 98.20000000000066, 112.20000000000088, 109.80000000000113, 69.30000000000162, 103.46666666666728], "episode_types": ["t", "t", "t", "t", "t", "t", "t", "t"]}