{"initial_reset_timestamp": 1690152584.1244628, "timestamps": [1690152624.887405], "episode_lengths": [575], "episode_rewards": [108.50000000000091], "episode_types": ["t", "t"]}