{"initial_reset_timestamp": 1690192409.5164804, "timestamps": [1690192435.0687954], "episode_lengths": [649], "episode_rewards": [109.1000000000007], "episode_types": ["t", "t"]}