{"initial_reset_timestamp": 1690059603.773006, "timestamps": [1690059625.5771105, 1690059646.1046183, 1690059663.7477467, 1690059678.8283937, 1690059693.4437141, 1690059715.752883], "episode_lengths": [541, 520, 715, 639, 691, 1046], "episode_rewards": [100.90000000000053, 101.00000000000053, 117.50000000000105, 111.76666666666782, 76.23333333333402, 56.399999999999686], "episode_types": ["t", "t", "t", "t", "t", "t", "t"]}