{"initial_reset_timestamp": 1690086197.347611, "timestamps": [1690086288.208106, 1690086311.1542745, 1690086345.6619463], "episode_lengths": [2268, 471, 1579], "episode_rewards": [-200.133333333326, -117.09999999999991, -205.2333333333312], "episode_types": ["t", "t", "t", "t"]}