{"initial_reset_timestamp": 1689977598.4982216, "timestamps": [1689977655.5287445, 1689977686.3763494, 1689977706.6806147, 1689977723.3054628, 1689977738.6949947, 1689977755.8085058], "episode_lengths": [1156, 763, 925, 681, 651, 679], "episode_rewards": [94.73333333333345, 96.36666666666714, 58.16666666666566, 117.90000000000093, 111.23333333333434, 106.43333333333425], "episode_types": ["t", "t", "t", "t", "t", "t", "t"]}