{"initial_reset_timestamp": 1690197895.027159, "timestamps": [1690197922.426281], "episode_lengths": [642], "episode_rewards": [66.80000000000109], "episode_types": ["t", "t"]}