{"initial_reset_timestamp": 1690048112.9479544, "timestamps": [1690048133.0180404, 1690048159.7301018, 1690048175.2193296, 1690048189.7950935, 1690048214.0942261, 1690048226.582919, 1690048240.2187994], "episode_lengths": [562, 671, 620, 618, 990, 557, 603], "episode_rewards": [72.80000000000025, 92.23333333333433, 118.66666666666777, 106.53333333333401, 86.66666666666801, 92.30000000000047, 96.7000000000004], "episode_types": ["t", "t", "t", "t", "t", "t", "t", "t"]}