{"initial_reset_timestamp": 1689879430.7574081, "timestamps": [1689879460.6753516, 1689879493.3413153, 1689879508.0570447], "episode_lengths": [619, 669, 708], "episode_rewards": [106.10000000000088, 103.43333333333405, 82.20000000000007], "episode_types": ["t", "t", "t", "t"]}