{"initial_reset_timestamp": 1690195381.0364575, "timestamps": [1690195416.6569743], "episode_lengths": [846], "episode_rewards": [39.06666666666593], "episode_types": ["t", "t"]}