{"initial_reset_timestamp": 1689981490.4764478, "timestamps": [1689981514.9621363, 1689981537.676902, 1689981551.3462985, 1689981568.9918308, 1689981604.215568, 1689981623.8195188], "episode_lengths": [597, 554, 559, 708, 1452, 683], "episode_rewards": [104.96666666666725, 101.60000000000058, 100.43333333333393, 111.20000000000084, 26.13333333333196, 122.70000000000111], "episode_types": ["t", "t", "t", "t", "t", "t", "t"]}