{"initial_reset_timestamp": 1690193019.4610164, "timestamps": [1690193054.4958723], "episode_lengths": [896], "episode_rewards": [35.399999999999146], "episode_types": ["t", "t"]}