{"initial_reset_timestamp": 1690199205.5134377, "timestamps": [1690199228.2796667], "episode_lengths": [568], "episode_rewards": [93.53333333333374], "episode_types": ["t", "t"]}