{"initial_reset_timestamp": 1690197983.36412, "timestamps": [1690198014.1755652], "episode_lengths": [716], "episode_rewards": [65.06666666666626], "episode_types": ["t", "t"]}