{"initial_reset_timestamp": 1690151945.4675672, "timestamps": [1690152020.5656433], "episode_lengths": [924], "episode_rewards": [72.2666666666668], "episode_types": ["t", "t"]}