{"initial_reset_timestamp": 1690048390.9649537, "timestamps": [1690048421.6378956, 1690048447.5544467, 1690048459.9378936, 1690048496.059776, 1690048509.3700652, 1690048524.6839354], "episode_lengths": [703, 615, 566, 1442, 588, 628], "episode_rewards": [122.70000000000107, 113.50000000000095, 99.40000000000052, 53.466666666668985, 98.86666666666717, 111.86666666666757], "episode_types": ["t", "t", "t", "t", "t", "t", "t"]}