{"initial_reset_timestamp": 1689862450.8747344, "timestamps": [1689862495.2178729, 1689862562.4561005], "episode_lengths": [690, 1055], "episode_rewards": [-103.66666666666654, -81.50000000000055], "episode_types": ["t", "t", "t"]}