{"initial_reset_timestamp": 1690062797.448775, "timestamps": [1690062858.2947927, 1690062879.2994556, 1690062894.4259272, 1690062908.508683, 1690062922.1527128, 1690062942.1062024], "episode_lengths": [1390, 507, 606, 603, 568, 773], "episode_rewards": [-139.00000000000077, -103.70000000000012, -77.60000000000062, 96.70000000000071, -140.8000000000003, 104.36666666666699], "episode_types": ["t", "t", "t", "t", "t", "t", "t"]}