{"initial_reset_timestamp": 1690052605.8396864, "timestamps": [1690052637.139911, 1690052665.5267246, 1690052684.9555821, 1690052702.4622939, 1690052727.941746, 1690052740.3036435], "episode_lengths": [738, 642, 653, 744, 1097, 553], "episode_rewards": [116.53333333333462, 113.13333333333419, -15.966666666665702, 81.26666666666831, 34.63333333333242, 78.70000000000016], "episode_types": ["t", "t", "t", "t", "t", "t", "t"]}