{"initial_reset_timestamp": 1690192977.1735148, "timestamps": [1690193005.6824837], "episode_lengths": [682], "episode_rewards": [118.8000000000014], "episode_types": ["t", "t"]}