{"initial_reset_timestamp": 1690059298.4014902, "timestamps": [1690059334.9701993, 1690059369.2548862, 1690059395.8023987, 1690059455.597728], "episode_lengths": [867, 880, 1040, 2154], "episode_rewards": [94.30000000000187, -90.33333333333405, 75.33333333333275, 15.933333333331463], "episode_types": ["t", "t", "t", "t", "t"]}