{"initial_reset_timestamp": 1690153062.1380367, "timestamps": [1690153124.275632], "episode_lengths": [723], "episode_rewards": [102.03333333333394], "episode_types": ["t", "t"]}