{"initial_reset_timestamp": 1690198843.3337166, "timestamps": [1690198867.676121], "episode_lengths": [561], "episode_rewards": [113.56666666666759], "episode_types": ["t", "t"]}