{"initial_reset_timestamp": 1689862573.1001997, "timestamps": [1689862640.1098917, 1689862699.9449165], "episode_lengths": [1081, 899], "episode_rewards": [38.23333333333276, 101.7666666666675], "episode_types": ["t", "t", "t"]}