{"initial_reset_timestamp": 1690150233.3088956, "timestamps": [1690150290.320292], "episode_lengths": [660], "episode_rewards": [118.33333333333458], "episode_types": ["t", "t"]}