{"initial_reset_timestamp": 1690195214.6752737, "timestamps": [1690195238.8131495], "episode_lengths": [647], "episode_rewards": [89.30000000000035], "episode_types": ["t", "t"]}