{"initial_reset_timestamp": 1690195884.7805216, "timestamps": [1690195909.9756277], "episode_lengths": [530], "episode_rewards": [97.66666666666723], "episode_types": ["t", "t"]}