{"initial_reset_timestamp": 1690199412.9288862, "timestamps": [1690199450.297476], "episode_lengths": [854], "episode_rewards": [118.60000000000085], "episode_types": ["t", "t"]}