{"initial_reset_timestamp": 1690050061.798394, "timestamps": [1690050117.7917268, 1690050143.984211, 1690050171.0552542, 1690050187.7614408, 1690050202.4505124, 1690050217.5824046], "episode_lengths": [1225, 652, 971, 625, 597, 617], "episode_rewards": [76.50000000000392, 96.46666666666749, 97.56666666666946, 106.16666666666757, 104.96666666666725, 112.3000000000011], "episode_types": ["t", "t", "t", "t", "t", "t", "t"]}