{"initial_reset_timestamp": 1690196992.5695403, "timestamps": [1690197021.6536689], "episode_lengths": [695], "episode_rewards": [89.5000000000002], "episode_types": ["t", "t"]}