{"initial_reset_timestamp": 1690048682.474344, "timestamps": [1690048716.3832839, 1690048742.011328, 1690048758.2987099, 1690048772.467358, 1690048791.745729, 1690048809.0575612, 1690048825.1763852], "episode_lengths": [867, 632, 673, 604, 761, 656, 632], "episode_rewards": [76.9666666666666, 93.80000000000031, 100.36666666666738, 107.93333333333406, 94.9000000000005, 115.73333333333431, 112.80000000000102], "episode_types": ["t", "t", "t", "t", "t", "t", "t", "t"]}