{"initial_reset_timestamp": 1690180094.244598, "timestamps": [1690180145.2332623], "episode_lengths": [594], "episode_rewards": [106.26666666666742], "episode_types": ["t", "t"]}