{"initial_reset_timestamp": 1690151702.098353, "timestamps": [1690151754.326185], "episode_lengths": [617], "episode_rewards": [118.96666666666768], "episode_types": ["t", "t"]}