{"initial_reset_timestamp": 1690195500.0212116, "timestamps": [1690195528.8364995], "episode_lengths": [693], "episode_rewards": [126.36666666666811], "episode_types": ["t", "t"]}