{"initial_reset_timestamp": 1690050864.0697649, "timestamps": [1690050933.335822, 1690050962.716805, 1690050997.654911, 1690051015.7607112], "episode_lengths": [1669, 765, 1465, 823], "episode_rewards": [21.4333333333321, 64.49999999999953, 33.83333333333254, -62.30000000000083], "episode_types": ["t", "t", "t", "t", "t"]}