{"initial_reset_timestamp": 1689862702.6358109, "timestamps": [1689862752.7555242, 1689862794.0636733], "episode_lengths": [760, 654], "episode_rewards": [83.00000000000027, 93.26666666666708], "episode_types": ["t", "t", "t"]}