{"initial_reset_timestamp": 1689702487.1953127, "timestamps": [1689702520.3423464], "episode_lengths": [699], "episode_rewards": [93.10000000000035], "episode_types": ["t", "t"]}