{"initial_reset_timestamp": 1690084766.4779725, "timestamps": [1690084799.2607582, 1690084821.988927, 1690084853.1777043, 1690084864.3078773, 1690084875.6773343], "episode_lengths": [821, 513, 1509, 456, 412], "episode_rewards": [-53.4333333333324, -112.29999999999988, -224.5666666666637, -98.60000000000014, -115.19999999999993], "episode_types": ["t", "t", "t", "t", "t", "t"]}