{"initial_reset_timestamp": 1690193059.0851939, "timestamps": [1690193083.8666854], "episode_lengths": [580], "episode_rewards": [112.66666666666757], "episode_types": ["t", "t"]}