{"initial_reset_timestamp": 1690197470.9296548, "timestamps": [1690197495.521333], "episode_lengths": [613], "episode_rewards": [106.36666666666743], "episode_types": ["t", "t"]}