{"initial_reset_timestamp": 1690195338.3516376, "timestamps": [1690195376.5164704], "episode_lengths": [913], "episode_rewards": [65.3666666666659], "episode_types": ["t", "t"]}