{"initial_reset_timestamp": 1690195137.22646, "timestamps": [1690195159.6068726], "episode_lengths": [576], "episode_rewards": [101.40000000000079], "episode_types": ["t", "t"]}