Method,Alpha,Score
PIM,0,138.56666666666956
PIM,0.3,168.23333333333613
PIM,0.6,159.90000000000305
PIM,1,119.90000000000236
