{"initial_reset_timestamp": 1690152817.1807709, "timestamps": [1690152866.4170568], "episode_lengths": [583], "episode_rewards": [115.03333333333411], "episode_types": ["t", "t"]}