{"initial_reset_timestamp": 1690197849.1244817, "timestamps": [1690197875.8998656], "episode_lengths": [562], "episode_rewards": [101.46666666666718], "episode_types": ["t", "t"]}