Method,Alpha,Score
RL,0,177.56666666666968
RL,0.3,129.90000000000313
RL,0.6,130.23333333333574
RL,1,104.90000000000119
