{"initial_reset_timestamp": 1690152107.0512455, "timestamps": [1690152154.8559148], "episode_lengths": [581], "episode_rewards": [98.56666666666732], "episode_types": ["t", "t"]}