{"initial_reset_timestamp": 1690151868.0307834, "timestamps": [1690151904.9043696], "episode_lengths": [506], "episode_rewards": [85.06666666666683], "episode_types": ["t", "t"]}