{"initial_reset_timestamp": 1689879344.7335386, "timestamps": [1689879383.7415333, 1689879416.8866363, 1689879429.6171558], "episode_lengths": [743, 672, 572], "episode_rewards": [136.03333333333467, 104.46666666666745, 106.4666666666675], "episode_types": ["t", "t", "t", "t"]}