{"initial_reset_timestamp": 1689930481.660419, "timestamps": [1689930571.5452697], "episode_lengths": [1726], "episode_rewards": [-236.9333333333297], "episode_types": ["t", "t"]}