{"initial_reset_timestamp": 1693388239.8127685, "timestamps": [1693388249.2176619, 1693388256.9868011, 1693388262.3832626], "episode_lengths": [174, 170, 187], "episode_rewards": [-109.73333333333332, -110.33333333333331, -110.69999999999997], "episode_types": ["t", "t", "t"]}