{"initial_reset_timestamp": 1693894796.6478543, "timestamps": [1693894804.7302656, 1693894807.0210724, 1693894810.108406, 1693894811.507259, 1693894814.6476262, 1693894817.912747], "episode_lengths": [284, 76, 155, 76, 160, 173], "episode_rewards": [-99.39999999999995, -107.59999999999998, -111.16666666666664, -107.59999999999998, -110.66666666666664, -110.63333333333331], "episode_types": ["t", "t", "t", "t", "t", "t", "t"]}