{"initial_reset_timestamp": 1696028831.1962023, "timestamps": [1696028867.2369075], "episode_lengths": [627], "episode_rewards": [87.30000000000034], "episode_types": ["t", "t"]}