{"initial_reset_timestamp": 1690061865.6668413, "timestamps": [1690061912.7458262, 1690061960.1135006, 1690061984.8816285, 1690062016.1339688], "episode_lengths": [1112, 1048, 917, 1467], "episode_rewards": [60.46666666666614, -125.13333333333347, 106.30000000000031, 4.966666666665804], "episode_types": ["t", "t", "t", "t", "t"]}