{"initial_reset_timestamp": 1689928055.9967525, "timestamps": [1689928082.3659222, 1689928104.5278988, 1689928116.9140553], "episode_lengths": [562, 518, 597], "episode_rewards": [105.46666666666738, 97.5333333333339, 96.63333333333377], "episode_types": ["t", "t", "t", "t"]}