{"initial_reset_timestamp": 1690197201.8818195, "timestamps": [1690197233.1008716], "episode_lengths": [696], "episode_rewards": [135.4000000000013], "episode_types": ["t", "t"]}