{"initial_reset_timestamp": 1690195974.821601, "timestamps": [1690196000.4369214], "episode_lengths": [598], "episode_rewards": [95.20000000000061], "episode_types": ["t", "t"]}