{"initial_reset_timestamp": 1689977759.8748162, "timestamps": [1689977810.9656103, 1689977836.342363, 1689977849.3672917, 1689977862.1703923, 1689977879.1752496, 1689977894.5183806, 1689977915.4075756], "episode_lengths": [1219, 599, 547, 528, 691, 579, 777], "episode_rewards": [46.766666666665266, 92.43333333333366, 92.63333333333385, 73.86666666666655, 99.56666666666726, 102.10000000000065, 90.63333333333412], "episode_types": ["t", "t", "t", "t", "t", "t", "t", "t"]}