{"initial_reset_timestamp": 1690059457.7595441, "timestamps": [1690059482.9921277, 1690059506.5018687, 1690059525.4784586, 1690059539.4664633, 1690059588.6948085], "episode_lengths": [651, 603, 750, 597, 1786], "episode_rewards": [103.23333333333431, 89.03333333333377, 106.00000000000094, 93.30000000000057, 35.7333333333319], "episode_types": ["t", "t", "t", "t", "t", "t"]}