{"initial_reset_timestamp": 1690061390.4425173, "timestamps": [1690061416.7524705, 1690061442.1548276, 1690061470.0063174, 1690061482.726249, 1690061494.0729039, 1690061512.5313816, 1690061527.984842], "episode_lengths": [629, 615, 1063, 529, 412, 710, 648], "episode_rewards": [98.76666666666718, -76.16666666666725, 77.70000000000351, -99.23333333333358, -110.53333333333325, 98.66666666666734, -82.13333333333395], "episode_types": ["t", "t", "t", "t", "t", "t", "t", "t"]}