{"initial_reset_timestamp": 1705934807.244736, "timestamps": [1705934843.0520067], "episode_lengths": [660], "episode_rewards": [83.00000000000024], "episode_types": ["t", "t"]}