{"initial_reset_timestamp": 1689976856.271021, "timestamps": [1689976901.978012, 1689976937.1785128, 1689976952.0487092, 1689976981.2168734, 1689976999.4545436], "episode_lengths": [1021, 941, 698, 1288, 832], "episode_rewards": [62.566666666666094, 71.56666666666686, 72.19999999999995, 26.866666666665903, 77.13333333333291], "episode_types": ["t", "t", "t", "t", "t", "t"]}