{"initial_reset_timestamp": 1689977170.0193026, "timestamps": [1689977195.5243425, 1689977219.5106883, 1689977232.3479502, 1689977249.1149077, 1689977266.5632668, 1689977285.4937768, 1689977297.7211182, 1689977313.970423], "episode_lengths": [610, 596, 535, 647, 678, 715, 532, 644], "episode_rewards": [114.33333333333432, 108.40000000000076, 102.1666666666672, 109.63333333333442, 126.86666666666794, 124.83333333333458, 96.13333333333377, 113.26666666666753], "episode_types": ["t", "t", "t", "t", "t", "t", "t", "t", "t"]}