Method,Alpha,Score
RL,0,176.90000000000296
RL,0.3,163.56666666666962
RL,0.6,120.56666666666884
RL,1,60.23333333333288
