{"initial_reset_timestamp": 1690180881.472118, "timestamps": [1690180929.122648], "episode_lengths": [575], "episode_rewards": [108.16666666666744], "episode_types": ["t", "t"]}