{"initial_reset_timestamp": 1690084312.80172, "timestamps": [1690084325.5885959, 1690084340.5656116, 1690084349.9913409, 1690084356.4598646, 1690084364.3906775, 1690084375.0050485, 1690084380.3767579, 1690084390.732501, 1690084407.818139, 1690084417.6549528, 1690084428.2431593, 1690084436.9147654, 1690084444.6657674], "episode_lengths": [323, 422, 400, 219, 357, 440, 227, 442, 434, 426, 467, 377, 369], "episode_rewards": [-112.29999999999994, -108.19999999999995, -116.6666666666666, -105.23333333333332, -118.36666666666663, -121.33333333333333, -122.70000000000005, -129.2000000000001, -132.06666666666683, -123.60000000000005, -100.03333333333326, -116.36666666666659, -115.89999999999992], "episode_types": ["t", "t", "t", "t", "t", "t", "t", "t", "t", "t", "t", "t", "t", "t"]}