{"initial_reset_timestamp": 1690062025.7483451, "timestamps": [1690062075.4683971, 1690062116.453249, 1690062142.6258442, 1690062159.2167873, 1690062173.8688848], "episode_lengths": [1204, 1092, 1045, 661, 597], "episode_rewards": [55.26666666666793, 46.46666666666545, 67.16666666666568, -19.76666666666577, 93.63333333333372], "episode_types": ["t", "t", "t", "t", "t", "t"]}