{"initial_reset_timestamp": 1690199161.889067, "timestamps": [1690199191.4577594], "episode_lengths": [675], "episode_rewards": [89.8333333333344], "episode_types": ["t", "t"]}