{"initial_reset_timestamp": 1690048251.6671088, "timestamps": [1690048276.3676949, 1690048306.3862655, 1690048318.9580088, 1690048330.7996716, 1690048343.8337965, 1690048356.1247714, 1690048369.861247], "episode_lengths": [611, 743, 573, 535, 542, 571, 624], "episode_rewards": [117.56666666666762, 104.36666666666842, 108.36666666666738, 90.50000000000043, 100.13333333333387, 102.23333333333386, 93.60000000000039], "episode_types": ["t", "t", "t", "t", "t", "t", "t", "t"]}