{"initial_reset_timestamp": 1689879509.6154156, "timestamps": [1689879547.8459694, 1689879569.1382039, 1689879584.347478], "episode_lengths": [759, 409, 657], "episode_rewards": [-123.89999999999995, -110.89999999999992, -116.69999999999986], "episode_types": ["t", "t", "t", "t"]}