{"initial_reset_timestamp": 1690181890.2942781, "timestamps": [1690181928.940677], "episode_lengths": [524], "episode_rewards": [95.93333333333376], "episode_types": ["t", "t"]}