{"initial_reset_timestamp": 1690180501.846454, "timestamps": [1690180558.690202], "episode_lengths": [651], "episode_rewards": [129.56666666666803], "episode_types": ["t", "t"]}