{"initial_reset_timestamp": 1690086530.588022, "timestamps": [1690086637.3285203, 1690086663.582564, 1690086679.0272782, 1690086722.5882583], "episode_lengths": [2360, 542, 608, 1407], "episode_rewards": [-242.33333333332578, -93.20000000000037, -133.80000000000015, 75.63333333333209], "episode_types": ["t", "t", "t", "t", "t"]}