{"initial_reset_timestamp": 1689981771.0915277, "timestamps": [1689981801.1297104, 1689981829.1422338, 1689981844.6003256, 1689981859.3258772, 1689981878.6117544, 1689981899.8015554, 1689981921.8789554], "episode_lengths": [696, 654, 615, 595, 660, 785, 728], "episode_rewards": [123.06666666666783, 106.26666666666745, 105.83333333333411, 104.50000000000067, 127.33333333333456, 87.16666666666795, 136.20000000000115], "episode_types": ["t", "t", "t", "t", "t", "t", "t", "t"]}