{"initial_reset_timestamp": 1690060201.9659553, "timestamps": [1690060225.1584556, 1690060257.2351887, 1690060280.9329867, 1690060297.0418217, 1690060329.5816195, 1690060349.6011014], "episode_lengths": [578, 811, 907, 655, 1221, 778], "episode_rewards": [95.86666666666724, 62.56666666666582, 63.96666666666587, 94.8333333333341, 66.90000000000296, 95.20000000000057], "episode_types": ["t", "t", "t", "t", "t", "t", "t"]}