{"initial_reset_timestamp": 1690084158.2260232, "timestamps": [1690084200.3766866, 1690084224.743864, 1690084242.5098217, 1690084260.0071516, 1690084278.911313, 1690084293.1033778, 1690084309.8031192], "episode_lengths": [985, 586, 653, 662, 740, 616, 669], "episode_rewards": [84.1666666666661, 114.06666666666754, 132.03333333333455, 122.13333333333424, 119.3333333333345, 105.40000000000069, 126.43333333333464], "episode_types": ["t", "t", "t", "t", "t", "t", "t", "t"]}