{"initial_reset_timestamp": 1689879589.1112416, "timestamps": [1689879631.1580298, 1689879689.3199677], "episode_lengths": [801, 1151], "episode_rewards": [-71.76666666666745, 64.89999999999871], "episode_types": ["t", "t", "t"]}