{"initial_reset_timestamp": 1689977456.5511734, "timestamps": [1689977479.9123278, 1689977504.1257086, 1689977518.025493, 1689977536.1793427, 1689977556.8146505, 1689977574.1795783, 1689977591.6393092], "episode_lengths": [619, 605, 569, 758, 778, 734, 673], "episode_rewards": [95.76666666666705, 104.50000000000071, 95.10000000000039, 85.5333333333332, 115.20000000000076, 82.26666666666776, 112.36666666666785], "episode_types": ["t", "t", "t", "t", "t", "t", "t", "t"]}