{"initial_reset_timestamp": 1689930254.899467, "timestamps": [1689930284.8219023, 1689930321.7986343], "episode_lengths": [640, 770], "episode_rewards": [93.3333333333336, -89.00000000000077], "episode_types": ["t", "t", "t"]}