{"initial_reset_timestamp": 1690197553.4015982, "timestamps": [1690197572.1258137], "episode_lengths": [502], "episode_rewards": [89.466666666667], "episode_types": ["t", "t"]}