{"initial_reset_timestamp": 1690152656.430897, "timestamps": [1690152730.0053458], "episode_lengths": [863], "episode_rewards": [113.36666666666721], "episode_types": ["t", "t"]}