{"initial_reset_timestamp": 1690151152.5098698, "timestamps": [1690151200.921709], "episode_lengths": [658], "episode_rewards": [85.86666666666775], "episode_types": ["t", "t"]}