{"initial_reset_timestamp": 1690196018.0332167, "timestamps": [1690196041.8042998], "episode_lengths": [496], "episode_rewards": [-102.60000000000008], "episode_types": ["t", "t"]}