{"initial_reset_timestamp": 1690053095.8605943, "timestamps": [1690053143.645543, 1690053179.6304028, 1690053195.423951, 1690053210.4587653, 1690053225.8231852, 1690053244.0411994], "episode_lengths": [1199, 820, 634, 579, 650, 701], "episode_rewards": [46.7666666666658, 87.33333333333329, 107.26666666666743, 104.4333333333339, 92.33333333333448, 89.9000000000011], "episode_types": ["t", "t", "t", "t", "t", "t", "t"]}