{"initial_reset_timestamp": 1699038845.8082864, "timestamps": [1699038875.9010148, 1699038884.0396738], "episode_lengths": [742, 221], "episode_rewards": [73.7999999999997, -104.09999999999998], "episode_types": ["t", "t", "t"]}