{"initial_reset_timestamp": 1690180415.665265, "timestamps": [1690180468.8378947], "episode_lengths": [626], "episode_rewards": [105.06666666666756], "episode_types": ["t", "t"]}