{"initial_reset_timestamp": 1699038885.4987962, "timestamps": [1699038911.069467], "episode_lengths": [754], "episode_rewards": [-42.40000000000023], "episode_types": ["t", "t"]}