{"initial_reset_timestamp": 1690051298.890162, "timestamps": [1690051326.6005633, 1690051352.8254213, 1690051369.352709, 1690051399.913351, 1690051420.0892196, 1690051433.2553654], "episode_lengths": [663, 644, 659, 1473, 771, 579], "episode_rewards": [129.70000000000124, 116.26666666666762, 120.43333333333449, 4.699999999999261, 138.5666666666681, 105.76666666666732], "episode_types": ["t", "t", "t", "t", "t", "t", "t"]}