{"initial_reset_timestamp": 1690051022.3484674, "timestamps": [1690051045.476998, 1690051074.269851, 1690051088.5171564, 1690051110.675224, 1690051129.9300165, 1690051154.0096555], "episode_lengths": [573, 771, 667, 864, 885, 1158], "episode_rewards": [108.70000000000081, 96.23333333333471, 87.6333333333336, 120.93333333333477, 69.1666666666686, 45.19999999999865], "episode_types": ["t", "t", "t", "t", "t", "t", "t"]}