{"initial_reset_timestamp": 1690152742.4888456, "timestamps": [1690152780.7508152], "episode_lengths": [539], "episode_rewards": [105.10000000000063], "episode_types": ["t", "t"]}