{"initial_reset_timestamp": 1690193318.255629, "timestamps": [1690193342.8559258], "episode_lengths": [637], "episode_rewards": [102.30000000000045], "episode_types": ["t", "t"]}