{"initial_reset_timestamp": 1690197427.5618684, "timestamps": [1690197455.8787057], "episode_lengths": [637], "episode_rewards": [123.6333333333345], "episode_types": ["t", "t"]}