{"initial_reset_timestamp": 1690195095.9846408, "timestamps": [1690195120.527717], "episode_lengths": [582], "episode_rewards": [112.46666666666755], "episode_types": ["t", "t"]}