{"initial_reset_timestamp": 1689930416.6431072, "timestamps": [1689930436.106117, 1689930455.1855497, 1689930461.5601559, 1689930465.9347486, 1689930472.835668], "episode_lengths": [432, 406, 301, 198, 294], "episode_rewards": [-134.8666666666669, -122.60000000000002, -116.4333333333333, -102.79999999999998, -117.39999999999998], "episode_types": ["t", "t", "t", "t", "t", "t"]}