{"initial_reset_timestamp": 1690197290.2566593, "timestamps": [1690197323.5879502], "episode_lengths": [787], "episode_rewards": [64.966666666666], "episode_types": ["t", "t"]}