{"initial_reset_timestamp": 1690199456.7165685, "timestamps": [1690199480.14303], "episode_lengths": [611], "episode_rewards": [104.23333333333403], "episode_types": ["t", "t"]}