{"initial_reset_timestamp": 1690199622.9785292, "timestamps": [1690199653.0359795], "episode_lengths": [653], "episode_rewards": [120.03333333333445], "episode_types": ["t", "t"]}