{"initial_reset_timestamp": 1690061251.4769773, "timestamps": [1690061283.5834594, 1690061301.6562126, 1690061334.5605767, 1690061347.5108292, 1690061363.0974846, 1690061379.9504626], "episode_lengths": [762, 475, 1427, 551, 676, 664], "episode_rewards": [82.79999999999997, -105.50000000000006, -95.03333333333477, -112.09999999999987, 87.40000000000019, -73.06666666666733], "episode_types": ["t", "t", "t", "t", "t", "t", "t"]}