{"initial_reset_timestamp": 1690151786.6436834, "timestamps": [1690151843.9823244], "episode_lengths": [696], "episode_rewards": [110.06666666666743], "episode_types": ["t", "t"]}