{"initial_reset_timestamp": 1690195458.2285178, "timestamps": [1690195481.2985976], "episode_lengths": [533], "episode_rewards": [97.03333333333384], "episode_types": ["t", "t"]}