{"initial_reset_timestamp": 1690181726.0602295, "timestamps": [1690181779.848094], "episode_lengths": [636], "episode_rewards": [106.4000000000007], "episode_types": ["t", "t"]}