{"initial_reset_timestamp": 1690197938.5786617, "timestamps": [1690197967.9705896], "episode_lengths": [657], "episode_rewards": [97.30000000000047], "episode_types": ["t", "t"]}