{"initial_reset_timestamp": 1690051730.638201, "timestamps": [1690051756.1317668, 1690051786.163955, 1690051800.2148485, 1690051820.4674964, 1690051836.5384016, 1690051851.2250683, 1690051866.3258305], "episode_lengths": [591, 684, 587, 747, 674, 620, 618], "episode_rewards": [104.23333333333404, 119.26666666666779, 101.63333333333406, 129.6333333333349, 105.26666666666803, 111.00000000000092, 97.53333333333391], "episode_types": ["t", "t", "t", "t", "t", "t", "t", "t"]}