{"initial_reset_timestamp": 1690150155.4704125, "timestamps": [1690150197.6977441], "episode_lengths": [563], "episode_rewards": [103.7000000000007], "episode_types": ["t", "t"]}