{"initial_reset_timestamp": 1690193145.6494339, "timestamps": [1690193174.9491248], "episode_lengths": [685], "episode_rewards": [74.4999999999996], "episode_types": ["t", "t"]}