{"initial_reset_timestamp": 1690049904.850677, "timestamps": [1690049928.770061, 1690049966.7069538, 1690049986.1658137, 1690050003.7031772, 1690050030.830648, 1690050046.4672906], "episode_lengths": [603, 912, 747, 650, 894, 620], "episode_rewards": [96.70000000000036, 76.46666666666628, 86.30000000000004, 120.00000000000114, 123.93333333333469, 109.66666666666741], "episode_types": ["t", "t", "t", "t", "t", "t", "t"]}