{"initial_reset_timestamp": 1690197077.2848122, "timestamps": [1690197097.821783], "episode_lengths": [536], "episode_rewards": [77.39999999999998], "episode_types": ["t", "t"]}