{"initial_reset_timestamp": 1690199713.192874, "timestamps": [1690199754.5414832], "episode_lengths": [951], "episode_rewards": [59.56666666666628], "episode_types": ["t", "t"]}