{"initial_reset_timestamp": 1690199575.7456055, "timestamps": [1690199606.665535], "episode_lengths": [651], "episode_rewards": [122.23333333333436], "episode_types": ["t", "t"]}