{"initial_reset_timestamp": 1690195296.1944492, "timestamps": [1690195328.6062753], "episode_lengths": [774], "episode_rewards": [86.93333333333536], "episode_types": ["t", "t"]}