{"initial_reset_timestamp": 1690197157.67089, "timestamps": [1690197193.2164347], "episode_lengths": [808], "episode_rewards": [108.53333333333579], "episode_types": ["t", "t"]}