{"initial_reset_timestamp": 1690180255.640228, "timestamps": [1690180302.1799839], "episode_lengths": [598], "episode_rewards": [96.53333333333404], "episode_types": ["t", "t"]}