{"initial_reset_timestamp": 1689928124.822575, "timestamps": [1689928140.2841918, 1689928158.2884176, 1689928166.4064543, 1689928173.6714926, 1689928181.1604893], "episode_lengths": [303, 382, 342, 341, 346], "episode_rewards": [-113.63333333333328, -116.86666666666662, -107.19999999999993, -125.10000000000008, -117.26666666666664], "episode_types": ["t", "t", "t", "t", "t", "t"]}