{"initial_reset_timestamp": 1690059895.7181149, "timestamps": [1690059942.3905833, 1690059968.7663016, 1690059988.602322, 1690060006.2304842, 1690060025.202556, 1690060044.8328278], "episode_lengths": [992, 648, 803, 727, 739, 826], "episode_rewards": [-11.866666666664472, 106.86666666666744, 92.36666666666774, 94.96666666666763, 104.10000000000089, -70.60000000000076], "episode_types": ["t", "t", "t", "t", "t", "t", "t"]}