{"initial_reset_timestamp": 1690059735.2054994, "timestamps": [1690059759.1843636, 1690059821.446692, 1690059834.0908952, 1690059855.6297143, 1690059894.6395943], "episode_lengths": [629, 1491, 522, 935, 1415], "episode_rewards": [105.43333333333413, -127.43333333333435, -91.53333333333367, -87.16666666666765, -99.500000000001], "episode_types": ["t", "t", "t", "t", "t", "t"]}