{"initial_reset_timestamp": 1690084447.4388325, "timestamps": [1690084482.3934283, 1690084533.6246278, 1690084553.571446], "episode_lengths": [742, 1287, 816], "episode_rewards": [-65.2000000000008, -94.36666666666805, -124.9333333333334], "episode_types": ["t", "t", "t", "t"]}