{"initial_reset_timestamp": 1690152265.7745965, "timestamps": [1690152341.5784078], "episode_lengths": [923], "episode_rewards": [37.03333333333323], "episode_types": ["t", "t"]}