{"initial_reset_timestamp": 1690052316.3171132, "timestamps": [1690052337.6187782, 1690052363.0139294, 1690052383.552873, 1690052397.7099545, 1690052408.8612773, 1690052427.0868182, 1690052449.3615558], "episode_lengths": [570, 625, 806, 600, 521, 671, 921], "episode_rewards": [-87.33333333333377, 107.50000000000104, 74.06666666666668, 104.33333333333411, 83.9000000000003, 129.90000000000134, 69.9000000000004], "episode_types": ["t", "t", "t", "t", "t", "t", "t", "t"]}