{"initial_reset_timestamp": 1690062470.2162087, "timestamps": [1690062506.464449, 1690062543.396701, 1690062564.612288, 1690062588.642028, 1690062610.204723], "episode_lengths": [809, 885, 861, 1057, 973], "episode_rewards": [-129.56666666666695, -109.83333333333313, -111.10000000000025, -163.03333333333416, 44.69999999999982], "episode_types": ["t", "t", "t", "t", "t", "t"]}