{"initial_reset_timestamp": 1690180180.089158, "timestamps": [1690180223.6931822], "episode_lengths": [585], "episode_rewards": [104.16666666666737], "episode_types": ["t", "t"]}