{"initial_reset_timestamp": 1690199496.359091, "timestamps": [1690199521.2528684], "episode_lengths": [637], "episode_rewards": [90.30000000000047], "episode_types": ["t", "t"]}