{"initial_reset_timestamp": 1690193480.1484559, "timestamps": [1690193501.1225889], "episode_lengths": [494], "episode_rewards": [92.26666666666705], "episode_types": ["t", "t"]}