{"initial_reset_timestamp": 1687133049.2380745, "timestamps": [1687133084.695348], "episode_lengths": [628], "episode_rewards": [93.53333333333408], "episode_types": ["t"]}