{"initial_reset_timestamp": 1687114807.6528165, "timestamps": [1687114844.5314116], "episode_lengths": [556], "episode_rewards": [116.0666666666675], "episode_types": ["t"]}