{"initial_reset_timestamp": 1690151001.953515, "timestamps": [1690151042.9990904], "episode_lengths": [543], "episode_rewards": [96.36666666666703], "episode_types": ["t", "t"]}