{"initial_reset_timestamp": 1689977316.6496222, "timestamps": [1689977344.225379, 1689977366.0960329, 1689977383.0006623, 1689977398.8678277, 1689977419.6683311, 1689977432.861115, 1689977444.5557027], "episode_lengths": [678, 564, 653, 684, 898, 539, 523], "episode_rewards": [108.86666666666751, 98.60000000000048, 108.0333333333342, 86.59999999999988, 62.20000000000073, 98.76666666666704, 91.7000000000003], "episode_types": ["t", "t", "t", "t", "t", "t", "t", "t"]}