{"initial_reset_timestamp": 1690181969.649479, "timestamps": [1690182026.8033092], "episode_lengths": [699], "episode_rewards": [104.10000000000078], "episode_types": ["t", "t"]}