{"initial_reset_timestamp": 1690061537.558233, "timestamps": [1690061576.8663259, 1690061605.542935, 1690061638.333882, 1690061664.7177022, 1690061685.1858664], "episode_lengths": [859, 663, 1283, 985, 777], "episode_rewards": [-42.899999999998684, 107.7000000000012, 66.03333333333185, 93.16666666666896, 106.96666666666717], "episode_types": ["t", "t", "t", "t", "t", "t"]}