{"initial_reset_timestamp": 1690197512.017205, "timestamps": [1690197535.6230834], "episode_lengths": [583], "episode_rewards": [105.70000000000056], "episode_types": ["t", "t"]}