{"initial_reset_timestamp": 1690152905.1261282, "timestamps": [1690152941.805983], "episode_lengths": [492], "episode_rewards": [88.46666666666692], "episode_types": ["t", "t"]}