{"initial_reset_timestamp": 1690192936.634114, "timestamps": [1690192968.9893167], "episode_lengths": [793], "episode_rewards": [106.36666666666733], "episode_types": ["t", "t"]}