{"initial_reset_timestamp": 1689981929.4180129, "timestamps": [1689981959.0115194, 1689982013.6289492, 1689982030.4517405, 1689982062.7021005, 1689982075.7973108, 1689982091.249505], "episode_lengths": [669, 1270, 643, 1225, 540, 612], "episode_rewards": [106.43333333333422, 43.66666666666536, 109.0333333333339, 44.166666666669336, 104.33333333333377, 109.46666666666763], "episode_types": ["t", "t", "t", "t", "t", "t", "t"]}