{"initial_reset_timestamp": 1690195930.039972, "timestamps": [1690195970.979373], "episode_lengths": [924], "episode_rewards": [83.93333333333325], "episode_types": ["t", "t"]}