{"initial_reset_timestamp": 1690049611.597154, "timestamps": [1690049642.0800107, 1690049668.7928216, 1690049686.2062457, 1690049702.3707852, 1690049718.1122117, 1690049731.3640392, 1690049746.3839834], "episode_lengths": [705, 635, 763, 700, 643, 561, 645], "episode_rewards": [127.83333333333482, 109.50000000000081, 79.0333333333348, 92.66666666666778, 100.03333333333417, 98.56666666666716, 106.50000000000094], "episode_types": ["t", "t", "t", "t", "t", "t", "t", "t"]}