{"initial_reset_timestamp": 1690052457.1492922, "timestamps": [1690052479.0589275, 1690052515.433946, 1690052531.9761791, 1690052543.4166067, 1690052567.0137138, 1690052580.9779968, 1690052596.5405824], "episode_lengths": [576, 762, 735, 517, 833, 580, 652], "episode_rewards": [104.4000000000007, 136.80000000000138, 81.16666666666838, 99.63333333333391, 116.03333333333526, 115.00000000000088, 112.46666666666746], "episode_types": ["t", "t", "t", "t", "t", "t", "t", "t"]}