{"initial_reset_timestamp": 1690193356.6580355, "timestamps": [1690193378.5627153], "episode_lengths": [586], "episode_rewards": [92.40000000000026], "episode_types": ["t", "t"]}