{"initial_reset_timestamp": 1689879254.8359337, "timestamps": [1689879314.0049062], "episode_lengths": [1285], "episode_rewards": [35.166666666665925], "episode_types": ["t", "t"]}