{"initial_reset_timestamp": 1690181122.3370488, "timestamps": [1690181165.224364], "episode_lengths": [573], "episode_rewards": [96.70000000000057], "episode_types": ["t", "t"]}