{"initial_reset_timestamp": 1690192617.330032, "timestamps": [1690192647.1246676], "episode_lengths": [696], "episode_rewards": [104.4000000000009], "episode_types": ["t", "t"]}