{"initial_reset_timestamp": 1690192574.2605236, "timestamps": [1690192602.0414612], "episode_lengths": [637], "episode_rewards": [125.30000000000105], "episode_types": ["t", "t"]}