{"initial_reset_timestamp": 1690192450.2025752, "timestamps": [1690192473.5560312], "episode_lengths": [596], "episode_rewards": [81.73333333333372], "episode_types": ["t", "t"]}