{"initial_reset_timestamp": 1690152028.0997603, "timestamps": [1690152070.9883852], "episode_lengths": [542], "episode_rewards": [101.13333333333392], "episode_types": ["t", "t"]}