{"initial_reset_timestamp": 1689586538.139246, "timestamps": [1689586578.8861194], "episode_lengths": [812], "episode_rewards": [113.13333333333429], "episode_types": ["t"]}