{"initial_reset_timestamp": 1690086061.5218327, "timestamps": [1690086073.8476465, 1690086088.8278713, 1690086098.6475635, 1690086111.6342766, 1690086123.3803456, 1690086134.7197948, 1690086144.5293705, 1690086153.5928538, 1690086167.0899484, 1690086173.7552195, 1690086182.310656, 1690086187.8850067], "episode_lengths": [285, 381, 421, 504, 497, 508, 350, 427, 322, 258, 366, 283], "episode_rewards": [-108.16666666666663, -128.1000000000001, -123.10000000000002, -134.0666666666669, -114.69999999999987, -129.46666666666678, -116.66666666666659, -114.36666666666659, -108.86666666666662, -109.79999999999998, -118.26666666666664, -124.30000000000007], "episode_types": ["t", "t", "t", "t", "t", "t", "t", "t", "t", "t", "t", "t", "t"]}