{"initial_reset_timestamp": 1690198795.3769312, "timestamps": [1690198834.450519], "episode_lengths": [809], "episode_rewards": [110.10000000000188], "episode_types": ["t", "t"]}