{"initial_reset_timestamp": 1689930162.967493, "timestamps": [1689930199.4207888], "episode_lengths": [789], "episode_rewards": [65.76666666666631], "episode_types": ["t", "t"]}