{"initial_reset_timestamp": 1690047676.373189, "timestamps": [1690047739.724965, 1690047784.0273163, 1690047802.2043514, 1690047825.2012808], "episode_lengths": [1526, 1147, 734, 1059], "episode_rewards": [-150.2666666666678, 67.6333333333331, -85.06666666666729, 41.43333333333229], "episode_types": ["t", "t", "t", "t", "t"]}