{"initial_reset_timestamp": 1690193102.127649, "timestamps": [1690193126.7795215], "episode_lengths": [583], "episode_rewards": [114.70000000000087], "episode_types": ["t", "t"]}