{"initial_reset_timestamp": 1690086362.7482738, "timestamps": [1690086416.7514787, 1690086456.070416, 1690086478.092732, 1690086522.4609654], "episode_lengths": [1220, 886, 886, 1794], "episode_rewards": [-159.66666666666742, -96.26666666666745, -103.60000000000065, -250.3999999999951], "episode_types": ["t", "t", "t", "t", "t"]}