{"initial_reset_timestamp": 1689927967.2848692, "timestamps": [1689928011.657193, 1689928048.8363445], "episode_lengths": [909, 815], "episode_rewards": [73.4333333333329, 85.50000000000169], "episode_types": ["t", "t", "t"]}