{"initial_reset_timestamp": 1690192894.5529969, "timestamps": [1690192918.0198445], "episode_lengths": [529], "episode_rewards": [101.1000000000006], "episode_types": ["t", "t"]}