{"initial_reset_timestamp": 1689927875.4716537, "timestamps": [1689927918.2113664], "episode_lengths": [932], "episode_rewards": [48.13333333333255], "episode_types": ["t", "t"]}