Method,Alpha,Score
RL,0,178.90000000000316
RL,0.3,86.23333333333368
RL,0.6,155.2333333333361
RL,1,-49.76666666666501
