{"initial_reset_timestamp": 1690181290.5687094, "timestamps": [1690181338.8615623], "episode_lengths": [573], "episode_rewards": [105.70000000000095], "episode_types": ["t", "t"]}