{"initial_reset_timestamp": 1689862208.283873, "timestamps": [1689862298.1026306], "episode_lengths": [1403], "episode_rewards": [39.033333333332436], "episode_types": ["t", "t"]}