{"initial_reset_timestamp": 1690049160.9914086, "timestamps": [1690049220.424831, 1690049257.0184972, 1690049279.1623924, 1690049297.5588753, 1690049312.1158962], "episode_lengths": [1493, 900, 942, 801, 686], "episode_rewards": [3.366666666665951, 90.66666666666708, 74.79999999999959, 79.56666666666692, -106.59999999999995], "episode_types": ["t", "t", "t", "t", "t", "t"]}