{"initial_reset_timestamp": 1690049316.7030985, "timestamps": [1690049346.8085823, 1690049366.1029778, 1690049392.0975595, 1690049415.7987502, 1690049432.2866926, 1690049447.83273], "episode_lengths": [718, 477, 1043, 941, 643, 621], "episode_rewards": [126.20000000000134, -98.70000000000017, 75.3666666666658, 69.90000000000249, 116.36666666666773, 114.90000000000097], "episode_types": ["t", "t", "t", "t", "t", "t", "t"]}