{"initial_reset_timestamp": 1690192529.1374002, "timestamps": [1690192558.0159054], "episode_lengths": [632], "episode_rewards": [126.13333333333448], "episode_types": ["t", "t"]}