{"initial_reset_timestamp": 1690181044.6052022, "timestamps": [1690181094.4424345], "episode_lengths": [646], "episode_rewards": [81.39999999999982], "episode_types": ["t", "t"]}