{"initial_reset_timestamp": 1690199368.252443, "timestamps": [1690199396.617927], "episode_lengths": [620], "episode_rewards": [110.00000000000075], "episode_types": ["t", "t"]}