{"initial_reset_timestamp": 1689586443.2795584, "timestamps": [1689586471.5233123], "episode_lengths": [629], "episode_rewards": [90.10000000000045], "episode_types": ["t"]}