{"initial_reset_timestamp": 1690150318.4807456, "timestamps": [1690150371.9705937], "episode_lengths": [656], "episode_rewards": [96.73333333333399], "episode_types": ["t", "t"]}