{"initial_reset_timestamp": 1690060683.217897, "timestamps": [1690060730.6241424, 1690060768.148721, 1690060782.8142092, 1690060804.9547434], "episode_lengths": [1147, 853, 660, 946], "episode_rewards": [57.63333333333235, 89.36666666666703, -61.66666666666732, 80.3999999999996], "episode_types": ["t", "t", "t", "t", "t"]}