{"initial_reset_timestamp": 1690149852.5941336, "timestamps": [1690149902.1324127], "episode_lengths": [618], "episode_rewards": [114.86666666666751], "episode_types": ["t", "t"]}