{"initial_reset_timestamp": 1690060051.719008, "timestamps": [1690060088.20987, 1690060118.3361938, 1690060140.54289, 1690060158.4258888, 1690060172.5643358, 1690060189.6205282], "episode_lengths": [878, 734, 843, 754, 612, 664], "episode_rewards": [74.53333333333295, 92.2666666666677, 96.36666666666771, 89.26666666666677, 89.80000000000018, 119.9333333333344], "episode_types": ["t", "t", "t", "t", "t", "t", "t"]}