{"initial_reset_timestamp": 1689981318.1811845, "timestamps": [1689981385.787242, 1689981408.2250235, 1689981428.3277962, 1689981444.6672728, 1689981470.5052652], "episode_lengths": [1349, 564, 699, 600, 1024], "episode_rewards": [85.10000000000082, 95.93333333333382, 132.76666666666802, 124.66666666666771, 74.26666666666729], "episode_types": ["t", "t", "t", "t", "t", "t"]}