{"initial_reset_timestamp": 1690192489.4860442, "timestamps": [1690192520.2954895], "episode_lengths": [788], "episode_rewards": [59.86666666666598], "episode_types": ["t", "t"]}