{"initial_reset_timestamp": 1690181455.226867, "timestamps": [1690181523.4311266], "episode_lengths": [751], "episode_rewards": [81.23333333333336], "episode_types": ["t", "t"]}