{"initial_reset_timestamp": 1690084003.7991245, "timestamps": [1690084071.0350192, 1690084095.2962224, 1690084110.858237, 1690084121.9244936, 1690084136.668273, 1690084152.5033941], "episode_lengths": [1681, 641, 685, 531, 620, 603], "episode_rewards": [10.56666666666635, 75.56666666666649, 99.50000000000041, 96.56666666666707, 97.00000000000055, 113.36666666666744], "episode_types": ["t", "t", "t", "t", "t", "t", "t"]}