{"initial_reset_timestamp": 1690195541.260474, "timestamps": [1690195565.106908], "episode_lengths": [610], "episode_rewards": [98.66666666666733], "episode_types": ["t", "t"]}