{"initial_reset_timestamp": 1689928272.7755194, "timestamps": [1689928312.1707222], "episode_lengths": [841], "episode_rewards": [-75.43333333333413], "episode_types": ["t", "t"]}