{"initial_reset_timestamp": 1690195581.764417, "timestamps": [1690195604.234225], "episode_lengths": [607], "episode_rewards": [77.96666666666657], "episode_types": ["t", "t"]}