{"initial_reset_timestamp": 1690180335.2449818, "timestamps": [1690180387.4748163], "episode_lengths": [660], "episode_rewards": [70.66666666666652], "episode_types": ["t", "t"]}