{"initial_reset_timestamp": 1689928188.021194, "timestamps": [1689928220.7511563, 1689928262.5730672], "episode_lengths": [694, 876], "episode_rewards": [84.93333333333415, 52.3999999999992], "episode_types": ["t", "t", "t"]}