{"initial_reset_timestamp": 1690048830.346163, "timestamps": [1690048864.4600565, 1690048895.3518422, 1690048907.802047, 1690048932.4394538, 1690048950.535964, 1690048965.1512444, 1690048977.9503958], "episode_lengths": [817, 725, 548, 812, 742, 627, 569], "episode_rewards": [95.96666666666823, 111.50000000000153, 98.53333333333396, 151.46666666666903, 93.13333333333368, 100.96666666666748, 92.10000000000035], "episode_types": ["t", "t", "t", "t", "t", "t", "t", "t"]}