{"initial_reset_timestamp": 1689702408.4337828, "timestamps": [1689702444.5513122], "episode_lengths": [746], "episode_rewards": [91.06666666666732], "episode_types": ["t", "t"]}