{"initial_reset_timestamp": 1689862817.32538, "timestamps": [1689862857.8675], "episode_lengths": [612], "episode_rewards": [84.46666666666673], "episode_types": ["t", "t"]}