{"initial_reset_timestamp": 1691336667.8256955, "timestamps": [1691336695.398366], "episode_lengths": [603], "episode_rewards": [112.70000000000074], "episode_types": ["t", "t"]}