{"initial_reset_timestamp": 1691417785.7093728, "timestamps": [1691417833.228588], "episode_lengths": [909], "episode_rewards": [86.43333333333561], "episode_types": ["t", "t"]}