{"initial_reset_timestamp": 1696028887.7097034, "timestamps": [1696028928.2769918], "episode_lengths": [772], "episode_rewards": [74.79999999999966], "episode_types": ["t", "t"]}