{"initial_reset_timestamp": 1694108710.4639313, "timestamps": [1694108719.9275682, 1694108730.7273498], "episode_lengths": [220, 352], "episode_rewards": [-104.99999999999999, -104.19999999999999], "episode_types": ["t", "t", "t"]}