{"initial_reset_timestamp": 1693388154.3374345, "timestamps": [1693388161.3086073, 1693388167.9801788, 1693388177.7412353, 1693388181.3652778], "episode_lengths": [141, 168, 425, 153], "episode_rewards": [-108.09999999999998, -111.13333333333331, -88.83333333333354, -109.29999999999998], "episode_types": ["t", "t", "t", "t", "t"]}