{"initial_reset_timestamp": 1693894627.935958, "timestamps": [1693894632.412407, 1693894636.8439817, 1693894642.0089624, 1693894644.6217449], "episode_lengths": [174, 148, 288, 157], "episode_rewards": [-108.39999999999999, -109.79999999999998, -120.46666666666667, -109.69999999999997], "episode_types": ["t", "t", "t", "t", "t"]}