{"initial_reset_timestamp": 1690192366.1566415, "timestamps": [1690192394.7753696], "episode_lengths": [650], "episode_rewards": [100.00000000000051], "episode_types": ["t", "t"]}