{"initial_reset_timestamp": 1689862336.871115, "timestamps": [1689862376.5160348, 1689862421.5638988, 1689862446.0840576], "episode_lengths": [609, 652, 645], "episode_rewards": [120.10000000000112, 120.80000000000108, 126.8333333333346], "episode_types": ["t", "t", "t", "t"]}