{"initial_reset_timestamp": 1690151309.39187, "timestamps": [1690151351.2391045], "episode_lengths": [537], "episode_rewards": [97.63333333333381], "episode_types": ["t", "t"]}