{"initial_reset_timestamp": 1690151227.8985944, "timestamps": [1690151282.042812], "episode_lengths": [665], "episode_rewards": [112.83333333333418], "episode_types": ["t", "t"]}