{"initial_reset_timestamp": 1690085592.4987264, "timestamps": [1690085629.343577, 1690085673.9703906, 1690085695.7206829, 1690085719.8536358], "episode_lengths": [862, 1078, 882, 929], "episode_rewards": [-99.86666666666733, 56.53333333333211, 77.79999999999978, 81.43333333333459], "episode_types": ["t", "t", "t", "t", "t"]}