{"initial_reset_timestamp": 1690181807.9150565, "timestamps": [1690181862.3563073], "episode_lengths": [650], "episode_rewards": [126.00000000000114], "episode_types": ["t", "t"]}