{"initial_reset_timestamp": 1690199288.5054038, "timestamps": [1690199312.0860858], "episode_lengths": [626], "episode_rewards": [84.06666666666706], "episode_types": ["t", "t"]}