{"initial_reset_timestamp": 1689930587.1022675, "timestamps": [1689930635.2228534], "episode_lengths": [885], "episode_rewards": [-109.5], "episode_types": ["t", "t"]}