{"initial_reset_timestamp": 1690049461.4560082, "timestamps": [1690049485.4785233, 1690049507.3026009, 1690049526.4714296, 1690049564.6085255, 1690049600.2731533], "episode_lengths": [619, 545, 705, 1368, 1334], "episode_rewards": [92.43333333333372, 102.83333333333393, 126.83333333333472, 76.19999999999966, 84.26666666666922], "episode_types": ["t", "t", "t", "t", "t", "t"]}