{"initial_reset_timestamp": 1689930690.4249337, "timestamps": [1689930715.0294325, 1689930756.740705], "episode_lengths": [458, 759], "episode_rewards": [-103.13333333333341, -166.90000000000055], "episode_types": ["t", "t", "t"]}