{"initial_reset_timestamp": 1690195252.7824948, "timestamps": [1690195280.2392702], "episode_lengths": [626], "episode_rewards": [116.06666666666771], "episode_types": ["t", "t"]}