{"initial_reset_timestamp": 1690180965.1635158, "timestamps": [1690181008.7384005], "episode_lengths": [572], "episode_rewards": [91.46666666666698], "episode_types": ["t", "t"]}