{"initial_reset_timestamp": 1690193395.5430675, "timestamps": [1690193425.9317837], "episode_lengths": [773], "episode_rewards": [78.36666666666723], "episode_types": ["t", "t"]}