{"initial_reset_timestamp": 1690151080.1513426, "timestamps": [1690151120.8608437], "episode_lengths": [571], "episode_rewards": [88.9000000000003], "episode_types": ["t", "t"]}