{"initial_reset_timestamp": 1690047945.3996782, "timestamps": [1690048026.048998, 1690048054.1689749, 1690048086.9044995, 1690048101.75233], "episode_lengths": [1682, 734, 1399, 685], "episode_rewards": [39.79999999999967, 96.60000000000088, 43.76666666666504, 97.16666666666787], "episode_types": ["t", "t", "t", "t", "t"]}