{"initial_reset_timestamp": 1689862074.7862437, "timestamps": [1689862175.160751], "episode_lengths": [1461], "episode_rewards": [33.89999999999882], "episode_types": ["t", "t"]}