{"initial_reset_timestamp": 1690047837.1550963, "timestamps": [1690047852.8321865, 1690047890.4906647, 1690047905.632226], "episode_lengths": [386, 969, 635], "episode_rewards": [-114.59999999999992, 72.43333333333354, 100.83333333333371], "episode_types": ["t", "t", "t", "t"]}