{"initial_reset_timestamp": 1690083843.2412267, "timestamps": [1690083879.6505668, 1690083933.102167, 1690083962.2906547, 1690083989.213018], "episode_lengths": [785, 1340, 1168, 1112], "episode_rewards": [107.1666666666679, -110.00000000000051, 76.5333333333329, 73.8000000000001], "episode_types": ["t", "t", "t", "t", "t"]}