{"initial_reset_timestamp": 1690085920.7369733, "timestamps": [1690085949.983017, 1690085971.974396, 1690085985.8168693, 1690085997.8590567, 1690086013.9634132, 1690086050.0081751], "episode_lengths": [695, 572, 610, 548, 662, 1481], "episode_rewards": [110.16666666666757, 108.46666666666752, 95.00000000000054, 102.53333333333399, 114.80000000000099, 23.233333333334542], "episode_types": ["t", "t", "t", "t", "t", "t", "t"]}