{"initial_reset_timestamp": 1690062321.226911, "timestamps": [1690062334.577794, 1690062358.270925, 1690062367.3896883, 1690062376.2887561, 1690062384.6294398, 1690062392.9378216, 1690062401.7569644, 1690062410.4678319, 1690062435.6099699, 1690062442.9881146, 1690062452.8527586, 1690062462.2162106], "episode_lengths": [345, 477, 415, 408, 349, 340, 336, 310, 629, 281, 416, 421], "episode_rewards": [-117.49999999999996, -75.70000000000027, -125.83333333333343, -120.13333333333335, -115.89999999999993, -123.00000000000006, -120.60000000000001, -110.99999999999994, -98.56666666666693, -100.09999999999995, -115.59999999999992, -134.1000000000002], "episode_types": ["t", "t", "t", "t", "t", "t", "t", "t", "t", "t", "t", "t", "t"]}