{"initial_reset_timestamp": 1690152982.353679, "timestamps": [1690153028.6229417], "episode_lengths": [574], "episode_rewards": [97.60000000000038], "episode_types": ["t", "t"]}