{"initial_reset_timestamp": 1690193276.5741155, "timestamps": [1690193303.373746], "episode_lengths": [618], "episode_rewards": [106.20000000000076], "episode_types": ["t", "t"]}