{"initial_reset_timestamp": 1690052912.728795, "timestamps": [1690052970.3514147, 1690053031.4610512, 1690053047.3420954, 1690053070.8070576], "episode_lengths": [1420, 1225, 662, 827], "episode_rewards": [8.999999999999082, 125.83333333333789, 98.46666666666773, 116.63333333333436], "episode_types": ["t", "t", "t", "t", "t"]}