{"initial_reset_timestamp": 1689879800.1533573, "timestamps": [1689879843.9555192], "episode_lengths": [769], "episode_rewards": [110.1000000000011], "episode_types": ["t", "t"]}