{"initial_reset_timestamp": 1689930334.322978, "timestamps": [1689930363.1567106, 1689930398.7370338, 1689930413.7891564], "episode_lengths": [602, 671, 651], "episode_rewards": [103.80000000000062, 127.90000000000123, 126.23333333333453], "episode_types": ["t", "t", "t", "t"]}