{"initial_reset_timestamp": 1690062620.9390159, "timestamps": [1690062652.6903462, 1690062742.3446605, 1690062755.6006925, 1690062767.0225396], "episode_lengths": [688, 1948, 546, 428], "episode_rewards": [120.53333333333458, -141.80000000000172, 92.06666666666709, -104.80000000000003], "episode_types": ["t", "t", "t", "t", "t"]}