{"initial_reset_timestamp": 1690150007.2342367, "timestamps": [1690150059.0011485], "episode_lengths": [705], "episode_rewards": [89.16666666666696], "episode_types": ["t", "t"]}