{"initial_reset_timestamp": 1690052178.725687, "timestamps": [1690052207.092648, 1690052230.501993, 1690052247.4948957, 1690052271.2264, 1690052300.6339], "episode_lengths": [693, 622, 747, 1065, 1223], "episode_rewards": [69.69999999999965, 83.46666666666725, 77.96666666666684, -45.83333333333279, 51.366666666666234], "episode_types": ["t", "t", "t", "t", "t", "t"]}