{"initial_reset_timestamp": 1690060982.4313345, "timestamps": [1690061000.2500389, 1690061022.9764745, 1690061068.8913949, 1690061084.2993112, 1690061100.6977856], "episode_lengths": [486, 604, 1979, 686, 633], "episode_rewards": [87.73333333333366, 98.60000000000049, -39.90000000000053, 81.39999999999995, 118.36666666666773], "episode_types": ["t", "t", "t", "t", "t", "t"]}