{"initial_reset_timestamp": 1690197116.761554, "timestamps": [1690197144.927038], "episode_lengths": [684], "episode_rewards": [-141.4000000000003], "episode_types": ["t", "t"]}