{"initial_reset_timestamp": 1689977005.147013, "timestamps": [1689977069.0841928, 1689977098.9108112, 1689977118.301962, 1689977131.0100825, 1689977157.8567703], "episode_lengths": [1410, 744, 748, 557, 1072], "episode_rewards": [62.99999999999831, 108.933333333334, 110.20000000000141, 103.30000000000057, 71.46666666666631], "episode_types": ["t", "t", "t", "t", "t", "t"]}