{"initial_reset_timestamp": 1690180589.545001, "timestamps": [1690180665.2760046], "episode_lengths": [787], "episode_rewards": [114.63333333333453], "episode_types": ["t", "t"]}