{"initial_reset_timestamp": 1690199245.6112955, "timestamps": [1690199276.9782803], "episode_lengths": [712], "episode_rewards": [123.80000000000143], "episode_types": ["t", "t"]}