{"initial_reset_timestamp": 1690060839.2387714, "timestamps": [1690060866.776681, 1690060891.4143133, 1690060904.83127, 1690060924.0389175, 1690060950.119401, 1690060974.76223], "episode_lengths": [701, 634, 567, 698, 1141, 989], "episode_rewards": [90.23333333333358, 86.93333333333378, 99.30000000000052, 123.86666666666795, 42.233333333332126, 81.09999999999968], "episode_types": ["t", "t", "t", "t", "t", "t", "t"]}