{"initial_reset_timestamp": 1689928372.9574068, "timestamps": [1689928439.736231], "episode_lengths": [1232], "episode_rewards": [76.80000000000034], "episode_types": ["t", "t"]}