{"initial_reset_timestamp": 1690049754.99897, "timestamps": [1690049779.5231788, 1690049818.8318772, 1690049833.8594172, 1690049845.6717956, 1690049867.2861571, 1690049878.0072463], "episode_lengths": [628, 884, 644, 544, 860, 522], "episode_rewards": [88.20000000000017, 116.26666666666752, 117.93333333333436, 91.26666666666713, 113.6666666666676, 86.13333333333364], "episode_types": ["t", "t", "t", "t", "t", "t", "t"]}