{"initial_reset_timestamp": 1690085761.1477916, "timestamps": [1690085790.0117698, 1690085835.6082985, 1690085854.9603198, 1690085876.2776358, 1690085902.0227015], "episode_lengths": [693, 995, 742, 809, 885], "episode_rewards": [107.70000000000131, 103.50000000000236, 131.8000000000013, 114.10000000000191, 138.1666666666682], "episode_types": ["t", "t", "t", "t", "t", "t"]}