{"initial_reset_timestamp": 1690193435.6695695, "timestamps": [1690193476.4929903], "episode_lengths": [934], "episode_rewards": [68.93333333333253], "episode_types": ["t", "t"]}