{"initial_reset_timestamp": 1690051439.2963586, "timestamps": [1690051462.8297982, 1690051499.1051319, 1690051522.2869806, 1690051537.971804, 1690051549.9629343, 1690051564.2464776, 1690051584.2147565], "episode_lengths": [586, 800, 909, 691, 585, 626, 795], "episode_rewards": [94.0666666666673, 118.3333333333344, 86.43333333333355, 90.90000000000015, 101.16666666666721, 82.4000000000001, 112.50000000000168], "episode_types": ["t", "t", "t", "t", "t", "t", "t", "t"]}