{"initial_reset_timestamp": 1690061115.820905, "timestamps": [1690061140.9459958, 1690061156.9197612, 1690061167.213304, 1690061193.3348548, 1690061210.1827075, 1690061223.9195158, 1690061249.1109147], "episode_lengths": [592, 408, 370, 1144, 760, 545, 1111], "episode_rewards": [-103.20000000000012, -84.80000000000015, -115.6666666666666, -134.06666666666672, -62.33333333333386, -113.4999999999999, -135.43333333333356], "episode_types": ["t", "t", "t", "t", "t", "t", "t", "t"]}