{"initial_reset_timestamp": 1690181199.3248773, "timestamps": [1690181269.9596598], "episode_lengths": [764], "episode_rewards": [133.2666666666686], "episode_types": ["t", "t"]}