{"initial_reset_timestamp": 1690051156.441276, "timestamps": [1690051182.4724224, 1690051204.4005816, 1690051218.5512252, 1690051234.2566638, 1690051247.0486693, 1690051260.5748346, 1690051280.8630962, 1690051294.1690955], "episode_lengths": [620, 566, 573, 647, 581, 581, 753, 588], "episode_rewards": [114.66666666666774, 106.73333333333404, 107.36666666666754, 123.30000000000113, 108.56666666666737, 112.23333333333413, 133.7000000000013, 103.20000000000078], "episode_types": ["t", "t", "t", "t", "t", "t", "t", "t", "t"]}